<?xml version="1.0" encoding="UTF-8"?>
  <Snapshot Date="2050-02-04">
    <Instruments>

       <!-- Equity Tests-->

    <!-- Equities-->
    <Equity CUSIP="" ClassSharesOutstanding="100000" CountryOfIncorporation="DE" CountryOfIssue="DE" ISIN="DE0009000681" InstrumentCurrency="EUR" InstrumentId="DE0009000681" InstrumentName="BMW Ord" IssuerId="1" IssuerName="BMW" LotSize="1" Market="XHEL" MarketCap="10000" MarketsListedIn="XLON,XNYS,XNZE,XHEL" Price="10" TotalSharesOutstanding="2000000" TotalVotingShares="3000000" TotalVotingRights="3000000" VotesPerShare="1" GICSIndustries="401010"/>
    <Equity CUSIP="" ClassSharesOutstanding="1000000" CountryOfIncorporation="DE" CountryOfIssue="DE" ISIN="DE0009000902" InstrumentCurrency="EUR" InstrumentId="DE0009000902" InstrumentName="SCODA Ord 20c" IssuerId="1" IssuerName="MERC" LotSize="1" Market="XHEL" MarketCap="20000" MarketsListedIn="XLON,XNYS,XNZE,XHEL" Price="20" TotalSharesOutstanding="1000000" TotalVotingShares="4000000" TotalVotingRights="4000000" VotesPerShare="1" ParValue="10"  GICSIndustries="403010"/>

    <!-- Swap on EQ Index -->
    <Swap InstrumentCurrency="EUR" InstrumentId="Swap_EQIndex" InstrumentName="Swap on EQ Index" IsCashSettled="true" Market="XXXX" Notional="250000">
      <Component InstrumentId="EQIndex"/>
    </Swap>

    <!-- Equity Index --> 
    <Index InstrumentCurrency="EUR" InstrumentId="EQIndex" InstrumentName="EQ Index" Price="5000" >
      <Component InstrumentId="DE0009000681" Weighting="0.6"/>
      <Component InstrumentId="DE0009000902" Weighting="0.4"/>
    </Index>

    </Instruments>
        <Portfolios>
          <Portfolio PortfolioId="11">
          <Asset SFTType="Normal" AssetId="15" AssetName="Swap EQ Index" InstrumentId="Swap_EQIndex" Quantity="50"/>
        </Portfolio>
      </Portfolios>
    </Snapshot>